{
  "Total" : {
    "transaction" : "Total",
    "sampleCount" : 958,
    "errorCount" : 304,
    "errorPct" : 31.732777,
    "meanResTime" : 2249.615866388304,
    "medianResTime" : 432.5,
    "minResTime" : 7.0,
    "maxResTime" : 21445.0,
    "pct1ResTime" : 6357.700000000001,
    "pct2ResTime" : 7371.349999999999,
    "pct3ResTime" : 15411.609999999999,
    "throughput" : 6.987294502064096,
    "receivedKBytesPerSec" : 32.269433925667,
    "sentKBytesPerSec" : 4.486321258734118
  },
  "HTTP Request login" : {
    "transaction" : "HTTP Request login",
    "sampleCount" : 400,
    "errorCount" : 80,
    "errorPct" : 20.0,
    "meanResTime" : 2919.1549999999993,
    "medianResTime" : 2416.5,
    "minResTime" : 39.0,
    "maxResTime" : 21297.0,
    "pct1ResTime" : 6859.800000000003,
    "pct2ResTime" : 7396.05,
    "pct3ResTime" : 15442.81,
    "throughput" : 3.346944239908963,
    "receivedKBytesPerSec" : 3.517167732110583,
    "sentKBytesPerSec" : 1.2975945930115804
  },
  "HTTP Request transfer" : {
    "transaction" : "HTTP Request transfer",
    "sampleCount" : 29,
    "errorCount" : 15,
    "errorPct" : 51.724136,
    "meanResTime" : 91.10344827586206,
    "medianResTime" : 58.0,
    "minResTime" : 11.0,
    "maxResTime" : 511.0,
    "pct1ResTime" : 184.0,
    "pct2ResTime" : 459.0,
    "pct3ResTime" : 511.0,
    "throughput" : 1.2565535768447507,
    "receivedKBytesPerSec" : 0.4309670723384895,
    "sentKBytesPerSec" : 1.9019251809003856
  },
  "HTTP Request /Summary" : {
    "transaction" : "HTTP Request /Summary",
    "sampleCount" : 68,
    "errorCount" : 39,
    "errorPct" : 57.35294,
    "meanResTime" : 115.26470588235294,
    "medianResTime" : 34.0,
    "minResTime" : 7.0,
    "maxResTime" : 1012.0,
    "pct1ResTime" : 420.9000000000001,
    "pct2ResTime" : 598.2,
    "pct3ResTime" : 1012.0,
    "throughput" : 2.9607698001480385,
    "receivedKBytesPerSec" : 1.3782087478773895,
    "sentKBytesPerSec" : 4.065063120455436
  },
  "HTTP Request transaction list" : {
    "transaction" : "HTTP Request transaction list",
    "sampleCount" : 91,
    "errorCount" : 44,
    "errorPct" : 48.35165,
    "meanResTime" : 570.9340659340658,
    "medianResTime" : 84.0,
    "minResTime" : 9.0,
    "maxResTime" : 4734.0,
    "pct1ResTime" : 3219.7999999999984,
    "pct2ResTime" : 3896.599999999998,
    "pct3ResTime" : 4734.0,
    "throughput" : 2.9731760708334694,
    "receivedKBytesPerSec" : 57.11239463194694,
    "sentKBytesPerSec" : 2.784353354624759
  },
  "HTTP Request" : {
    "transaction" : "HTTP Request",
    "sampleCount" : 200,
    "errorCount" : 18,
    "errorPct" : 9.0,
    "meanResTime" : 4165.474999999999,
    "medianResTime" : 3815.0,
    "minResTime" : 42.0,
    "maxResTime" : 21445.0,
    "pct1ResTime" : 8236.1,
    "pct2ResTime" : 10842.349999999999,
    "pct3ResTime" : 21408.8,
    "throughput" : 1.9475334488869847,
    "receivedKBytesPerSec" : 2.178926668671003,
    "sentKBytesPerSec" : 0.7547643058503904
  },
  "HTTP Request transfer list" : {
    "transaction" : "HTTP Request transfer list",
    "sampleCount" : 91,
    "errorCount" : 47,
    "errorPct" : 51.64835,
    "meanResTime" : 966.2967032967033,
    "medianResTime" : 92.0,
    "minResTime" : 8.0,
    "maxResTime" : 8362.0,
    "pct1ResTime" : 5630.999999999995,
    "pct2ResTime" : 6528.5999999999985,
    "pct3ResTime" : 8362.0,
    "throughput" : 3.832870019374947,
    "receivedKBytesPerSec" : 82.24238197340156,
    "sentKBytesPerSec" : 3.712640376231994
  },
  "HTTP Request Company" : {
    "transaction" : "HTTP Request Company",
    "sampleCount" : 70,
    "errorCount" : 61,
    "errorPct" : 87.14286,
    "meanResTime" : 23.771428571428576,
    "medianResTime" : 20.0,
    "minResTime" : 9.0,
    "maxResTime" : 64.0,
    "pct1ResTime" : 41.8,
    "pct2ResTime" : 53.35000000000001,
    "pct3ResTime" : 64.0,
    "throughput" : 9.518629317378299,
    "receivedKBytesPerSec" : 4.641659725999456,
    "sentKBytesPerSec" : 8.635553355316834
  },
  "HTTP Request Transaction list" : {
    "transaction" : "HTTP Request Transaction list",
    "sampleCount" : 9,
    "errorCount" : 0,
    "errorPct" : 0.0,
    "meanResTime" : 260.3333333333333,
    "medianResTime" : 242.0,
    "minResTime" : 58.0,
    "maxResTime" : 638.0,
    "pct1ResTime" : 638.0,
    "pct2ResTime" : 638.0,
    "pct3ResTime" : 638.0,
    "throughput" : 1.2228260869565217,
    "receivedKBytesPerSec" : 0.5237081776494565,
    "sentKBytesPerSec" : 1.1392344599184783
  }
}